policy,n_reps,budget_error_abs_mean,budget_error_abs_std,overshoot_ratio_mean,overshoot_ratio_std,target_achievement_rate,risky_selection_rate,protected_violation_rate,planning_time_us_mean,planning_time_us_median,planning_time_us_p95,actual_reclaimed_bytes_mean,actual_reclaimed_bytes_std,deletion_success_rate
ClosestFit,600,2463910468.958333,4644180722.537058,0.000002,0.000005,0.373333,0.406608,0.407988,32.477833,16.400000,78.100000,15497654260.658333,10402529565.355238,0.975284
LargestFirst,600,2520869212.630000,4611097362.361616,0.021826,0.046920,0.390000,0.384174,0.387326,19.298500,19.200000,23.200000,15631929066.893333,10300747122.473757,0.974024
OldestFirst,600,2456108459.241667,4648712656.752048,0.014533,0.035091,0.368333,0.347138,0.611041,17.490500,17.300000,21.600000,15657996497.145000,10334979473.565182,0.979194
RABS,600,3392876106.086667,5809225281.432108,0.000008,0.000019,0.290000,0.152595,0.000000,29.430667,27.500000,60.000000,14568732044.450001,10017271126.994339,0.976817
Random,600,2434749112.613333,4628259565.081966,0.015783,0.040511,0.365000,0.381707,0.609002,3.451000,3.200000,5.200000,15689878226.330000,10348023637.072989,0.979764
